Person 1,Person 2,Anniversary
Brian Perkins,Meghan Lin,2005-06-29
Meghan Lin,Sheri Byrd,1980-10-30
April Schultz DVM,Brianna Davis,2015-04-27
Lori Miller,Ashley Morris,2006-05-29
Sheila Douglas,Melissa Green,2016-07-08
Monica Cook,Jeffrey Johnson,2001-01-25
Tiffany Floyd,Allison Herring,2004-03-27
Kimberly Guerra,Tina Carlson DDS,1987-12-19
Diana Mayo,Sarah Wilson,2005-05-25
Amanda Bennett,Larry Miller,2006-03-12
Randy Foster,Mr. Casey Murray,1990-03-30
Bonnie Guerrero,Angela Miller PhD,2007-10-26
Michele Jimenez,Todd Elliott,2020-03-04
Christopher Adams MD,Alyssa Cook DVM,2016-05-04
Connie Haynes,Todd Elliott,1991-11-29
Jessica Mills,Emily Moore,2023-11-20
Michael Manning,Brianna Davis,2014-09-20
Eric Pacheco,Brenda Matthews,1990-05-04
Samantha Nguyen,Teresa Fuentes,1989-01-08
Deborah Bryant,Melissa Green,1983-11-11
Nicole Moore,Sarah Wilson,2010-08-29
Ryan Schneider,Jessica Mills,1987-01-04
Christopher Adams MD,Sheila Douglas,1993-06-26
Connie Haynes,Allison Herring,1986-05-21
Luis Johnson,Alyssa Cook DVM,2004-07-13
Deborah Lopez,Connie Haynes,1989-05-07
Michael Bright,Kevin Hebert,1996-09-27
Helen Moreno,Scott Ramirez,2003-06-17
Alyssa Cook DVM,Mr. Casey Murray,1983-03-04
Matthew Colon,Brianna Davis,2019-08-25
Michele Jimenez,Tiffany Floyd,1990-12-10
Sara Fry,Toni Chung,2023-09-08
Kimberly Guerra,Teresa Fuentes,2003-06-07
Angela Miller PhD,Todd Elliott,2018-05-14
Jeffrey Johnson,Claire Macdonald,1999-06-04
Mr. Casey Murray,Kevin Hebert,2018-04-29
